surface,x_mm,y_mm,z_mm,x_corner_min_mm,x_corner_max_mm,y_corner_min_mm,y_corner_max_mm
leading_edge,0.000000,-0.000000,0.000000,0.000000,0.000000,-0.000000,-0.000000
upper_image,-0.129891,0.696687,0.000000,-0.644373,0.378633,0.185669,1.207523
upper_image,0.137448,1.157445,0.000000,-0.376163,0.646181,0.646708,1.667957
upper_image,0.452965,1.475796,0.000000,-0.059159,0.961945,0.966028,1.985578
upper_image,1.116116,2.017558,0.000000,0.606427,1.625617,1.508148,2.527765
upper_image,2.049441,2.386212,0.000000,1.540006,2.559672,1.876513,2.896708
upper_image,2.950647,2.849804,0.000000,2.440505,3.461585,2.339742,3.360663
upper_image,4.374722,3.331581,0.000000,3.863465,4.886776,2.821141,3.842818
upper_image,6.828478,3.897196,0.000000,6.315297,7.342455,3.386313,4.408876
upper_image,9.298292,4.415343,0.000000,8.783176,9.814205,3.904053,4.927428
upper_image,11.832344,4.743612,0.000000,11.315242,12.350242,4.232066,5.255955
upper_image,14.382454,5.024412,0.000000,13.863354,14.902351,4.512646,5.536976
upper_image,16.932565,5.305213,0.000000,16.411466,17.454460,4.793226,5.817996
upper_image,19.514794,5.491075,0.000000,18.991671,20.038713,4.978942,6.004004
upper_image,22.145201,5.534529,0.000000,21.620017,22.671182,5.022363,6.047492
upper_image,24.775608,5.577983,0.000000,24.248362,25.303650,5.065783,6.090980
upper_image,27.406014,5.621438,0.000000,26.876707,27.936118,5.109203,6.134469
upper_image,30.100658,5.475015,0.000000,29.569239,30.632874,4.962896,5.987932
upper_image,32.779243,5.376062,0.000000,32.245725,33.313557,4.864020,5.888901
upper_image,35.489946,5.182171,0.000000,34.954303,36.026385,4.670280,5.694857
upper_image,38.216708,4.940810,0.000000,37.678928,38.755284,4.429109,5.453308
upper_image,40.975588,4.604511,0.000000,40.435647,41.516326,4.093073,5.116745
upper_image,43.734469,4.268212,0.000000,43.192365,44.277369,3.757038,4.780182
upper_image,46.525468,3.836974,0.000000,45.981177,47.070556,3.326138,4.348607
upper_image,49.316467,3.405737,0.000000,48.769989,49.863742,2.895239,3.917031
upper_image,52.107466,2.974499,0.000000,51.558801,52.656928,2.464339,3.485456
upper_image,54.962702,2.353385,0.000000,54.411799,55.514402,1.843712,2.863855
upper_image,57.214773,1.951432,0.000000,56.662104,57.768237,1.442074,2.463399
upper_image,59.515021,1.407072,0.000000,58.960520,60.070288,0.898140,1.920043
upper_image,61.815269,0.862711,0.000000,61.257490,62.373067,0.354206,1.376687
upper_image,62.957363,0.614265,0.000000,62.397827,63.516836,0.105955,1.128888
upper_image,63.433472,0.457924,0.000000,62.873516,63.993774,-0.050343,0.972459
trailing_edge,63.800000,0.000000,0.000000,63.750000,63.850000,0.000000,0.000000
lower_image,63.706479,-0.349052,0.000000,63.148723,64.268739,-0.857951,0.161187
lower_image,63.423081,-0.762341,0.000000,62.865547,63.984264,-1.271564,-0.253914
lower_image,62.361282,-0.751241,0.000000,61.804581,62.918780,-1.260455,-0.242823
lower_image,60.109212,-0.349288,0.000000,59.554275,60.664945,-0.858187,0.159064
lower_image,57.905319,-0.089743,0.000000,57.352110,58.459325,-0.598439,0.418813
lower_image,55.701427,0.169803,0.000000,55.149944,56.253705,-0.338690,0.678561
lower_image,52.974664,0.411163,0.000000,52.425319,53.524806,-0.097140,0.920111
lower_image,50.247902,0.652524,0.000000,49.700694,50.795907,0.144184,1.161661
lower_image,47.521140,0.893885,0.000000,46.976069,48.067008,0.385355,1.403211
lower_image,44.826496,1.040307,0.000000,44.283537,45.370252,0.531663,1.549748
lower_image,42.131853,1.186730,0.000000,41.591005,42.673497,0.677971,1.696285
lower_image,39.469327,1.238214,0.000000,38.930566,40.008885,0.729414,1.747810
lower_image,36.806802,1.289698,0.000000,36.270128,37.344273,0.780858,1.799334
lower_image,34.176395,1.246243,0.000000,33.641782,34.711805,0.737438,1.755845
lower_image,31.513870,1.297727,0.000000,30.981344,32.047193,0.788881,1.807370
lower_image,28.915582,1.159334,0.000000,28.385092,29.446868,0.650597,1.668869
lower_image,26.285175,1.115880,0.000000,25.756746,26.814400,0.607177,1.625380
lower_image,23.686887,0.977487,0.000000,23.160494,24.214076,0.468892,1.486879
lower_image,21.088598,0.839095,0.000000,20.564242,21.613751,0.330608,1.348378
lower_image,18.490310,0.700702,0.000000,17.967990,19.013426,0.192324,1.209877
lower_image,15.924140,0.467371,0.000000,15.403831,16.445245,-0.040889,0.976363
lower_image,13.325852,0.328978,0.000000,12.807579,13.844921,-0.179390,0.837861
lower_image,10.759682,0.095647,0.000000,10.243420,11.276740,-0.412904,0.604347
lower_image,8.161393,-0.042746,0.000000,7.647168,8.676415,-0.551405,0.465846
lower_image,5.595223,-0.276077,0.000000,5.083009,6.108234,-0.784919,0.232332
lower_image,4.058733,-0.425569,0.000000,3.547723,4.570540,-0.934529,0.082723
lower_image,3.029053,-0.509408,0.000000,2.518851,3.540053,-1.018862,-0.001180
lower_image,1.983314,-0.545778,0.000000,1.473931,2.493494,-1.057610,-0.037521
lower_image,1.159571,-0.612848,0.000000,0.649964,1.670819,-1.126815,-0.104539
lower_image,0.715580,-0.551445,0.000000,0.205809,1.227025,-1.065902,-0.043184
lower_image,0.350469,-0.410455,0.000000,-0.159785,0.861538,-0.924701,0.097849
leading_edge,0.000000,-0.000000,0.000000,0.000000,0.000000,-0.000000,-0.000000
