surface,image_x_px,image_y_px
leading_edge,827,76
upper_image,826,69
upper_image,822,65.5
upper_image,818,63.5
upper_image,810,60.5
upper_image,800,60
upper_image,790,58.5
upper_image,775,58.5
upper_image,750,61
upper_image,725,64
upper_image,700,69
upper_image,675,74.5
upper_image,650,80
upper_image,625,86.5
upper_image,600,94.5
upper_image,575,102.5
upper_image,550,110.5
upper_image,525,120.5
upper_image,500,130
upper_image,475,140.5
upper_image,450,151.5
upper_image,425,163.5
upper_image,400,175.5
upper_image,375,188.5
upper_image,350,201.5
upper_image,325,214.5
upper_image,300,229.5
upper_image,280,240.5
upper_image,260,253
upper_image,240,265.5
upper_image,230,271.5
upper_image,226,274.5
trailing_edge,224,280
lower_image,226,283
lower_image,230,286
lower_image,240,282.5
lower_image,260,271.5
lower_image,280,262
lower_image,300,252.5
lower_image,325,241.5
lower_image,350,230.5
lower_image,375,219.5
lower_image,400,209.5
lower_image,425,199.5
lower_image,450,190.5
lower_image,475,181.5
lower_image,500,173.5
lower_image,525,164.5
lower_image,550,157.5
lower_image,575,149.5
lower_image,600,142.5
lower_image,625,135.5
lower_image,650,128.5
lower_image,675,122.5
lower_image,700,115.5
lower_image,725,109.5
lower_image,750,102.5
lower_image,775,96.5
lower_image,790,93
lower_image,800,90.5
lower_image,810,87.5
lower_image,818,85.5
lower_image,822,83.5
lower_image,825,81
leading_edge,827,76
