id,title,year,url,abstract,triage_score,matches_known_d01_anchor,screening_status,provenance
doi:10.1115/gt2020-15403,Blade Tip Clearance Measurement Systems for High Speed Turbomachinery Applications and the Potential for Blade Tip Timing Applications,2020,https://doi.org/10.1115/gt2020-15403,"Abstract
               As turbomachinery OEMs focus efforts to further increase reliability, power and efficiencies, the running clearance between blade tips and stator continue to be of the utmost importance.
               This paper investigates the capability of capacitive tip clearance systems to perform individual blade tip clearance measurements on high speed rotors of up to 90,000rpm. A rotor was designed using finite element analysis; unique blade responses have been predicted.
               The objective of this investigation was to consider two different approaches to the application of blade tip clearance measurements and the system requirements to accurately measure low levels of radial displacement of a target rotating between 1,000rpm and 90,000rpm. The first uses the standard approach with passive probes and the second, a new technique using active probes that have demonstrated bandwidths of 1.2MHz and increased measuring range with a lower level of measurement uncertainty. Both systems’ approaches are compared, and their capabilities are evaluated for high-speed applications.
               The higher bandwidth capabilities of the latter system, combined with smaller sensor diameters, produces comparable signal rise times to the optical systems used in blade tip timing measurements. The difference in approach offers the potential of contamination resistant sensors for long term blade tip timing applications and measurement probes that do not require cooling",10,False,UNSCREENED,"[{""abstract_available"": true, ""db"": ""crossref"", ""query"": ""tip clearance optical capacitive measurement fan blade"", ""rank"": 22, ""source_id"": ""doi:10.1115/gt2020-15403""}]"
doi:10.1016/j.heliyon.2024.e25296,Numerical investigation on the influence of nonuniform tip clearance on rotor tip-clearance flow field structure,2024,https://doi.org/10.1016/j.heliyon.2024.e25296,,9,False,UNSCREENED,"[{""abstract_available"": false, ""db"": ""crossref"", ""query"": ""non-axisymmetric tip clearance rotor performance"", ""rank"": 21, ""source_id"": ""doi:10.1016/j.heliyon.2024.e25296""}]"
doi:10.1016/j.measurement.2024.115777,Improving the blade tip clearance measurement method based on blade tip timing: Accounting for rotor speed variations and non-uniform blade-by-blade tip clearance,2025,https://doi.org/10.1016/j.measurement.2024.115777,,9,False,UNSCREENED,"[{""abstract_available"": false, ""db"": ""crossref"", ""query"": ""ducted fan non-uniform tip clearance experimental"", ""rank"": 7, ""source_id"": ""doi:10.1016/j.measurement.2024.115777""}, {""abstract_available"": false, ""db"": ""crossref"", ""query"": ""tip clearance optical capacitive measurement fan blade"", ""rank"": 2, ""source_id"": ""doi:10.1016/j.measurement.2024.115777""}, {""abstract_available"": false, ""db"": ""crossref"", ""query"": ""non-axisymmetric tip clearance rotor performance"", ""rank"": 5, ""source_id"": ""doi:10.1016/j.measurement.2024.115777""}]"
doi:10.1063/1.4964858,On the development of a magnetoresistive sensor for blade tip timing and blade tip clearance measurement systems,2016,https://doi.org/10.1063/1.4964858,"A simultaneous blade tip timing (BTT) and blade tip clearance (BTC) measurement system enables the determination of turbomachinery blade vibrations and ensures the monitoring of the existing running gaps between the blade tip and the casing. This contactless instrumentation presents several advantages compared to the well-known telemetry system with strain gauges, at the cost of a more complex data processing procedure. The probes used can be optical, capacitive, eddy current as well as microwaves, everyone with its dedicated electronics and many existing different signal processing algorithms. Every company working in this field has developed its own processing method and sensor technology. Hence, repeating the same test with different instrumentations, the answer is often different. Moreover, rarely it is possible to achieve reliability for in-service measurements. Developments are focused on innovative instrumentations and a common standard. This paper focuses on the results achieved using a novel magnetoresistive sensor for simultaneous tip timing and tip clearance measurements. The sensor measurement principle is described. The sensitivity to gap variation is investigated. In terms of measurement of vibrations, experimental investigations were performed at the Air Force Institute of Technology (ITWL, Warsaw, Poland) in a real aeroengine and in the von Karman Institute (VKI) R2 compressor rig. The advantages and limitations of the magnetoresistive probe for turbomachinery",9,False,UNSCREENED,"[{""abstract_available"": true, ""db"": ""crossref"", ""query"": ""tip clearance optical capacitive measurement fan blade"", ""rank"": 17, ""source_id"": ""doi:10.1063/1.4964858""}]"
doi:10.1115/1.3230742,Laser-Optical Blade Tip Clearance Measurement System,1981,https://doi.org/10.1115/1.3230742,"The need for blade tip clearance instrumentation has been intensified recently by advances in technology of gas turbine engines. A new laser-optical measurement system has been developed to measure single blade tip clearances and average blade tip clearances between a rotor and its gas path seal in rotating component rigs and complete engines. The system is applicable to fan, compressor and turbine blade tipe clearance measurements. The engine mounted probe is particularly suitable for operation in the extreme turbine environment. The measurement system consists of an optical subsystem, an electronic subsystem and a computing and graphic terminal. Bench tests and environmental tests were conducted to confirm operation at temperatures, pressures, and vibration levels typically encountered in an operating gas turbine engine.",9,False,UNSCREENED,"[{""abstract_available"": true, ""db"": ""crossref"", ""query"": ""tip clearance optical capacitive measurement fan blade"", ""rank"": 7, ""source_id"": ""doi:10.1115/1.3230742""}]"
doi:10.1115/2000-gt-0416,Non-Uniform Flow in a Compressor due to Asymmetric Tip Clearance,2000,https://doi.org/10.1115/2000-gt-0416,"This paper presents an analytical study of flow redistribution in a compressor stage due to asymmetric tip clearance distribution. The entire stage is modeled as an actuator disc, and it is assumed that upstream and downstream flow fields are determined by the local tip clearance. The flow is assumed to be inviscid and incompressible. First, an axisymmetric flow model is used to connect upstream and downstream flows. Second, a linear perturbation approximation is used for non-axisymmetric analysis in which each flow variable is assumed to consist of a mean (axisymmetric value) plus a small perturbation (asymmetric value). Thus, the perturbations in velocity and pressure induced by the tip clearance asymmetry are predicted. Furthermore, rotordynamic effects of such flow non-uniformity are examined as well.",9,False,UNSCREENED,"[{""abstract_available"": true, ""db"": ""crossref"", ""query"": ""ducted fan non-uniform tip clearance experimental"", ""rank"": 27, ""source_id"": ""doi:10.1115/2000-gt-0416""}]"
doi:10.1115/78-gt-164,Turbine Blade Tip Clearance Measurement Utilizing Borescope Photography,1978,https://doi.org/10.1115/78-gt-164,"In this paper, a technique is presented for the detrmination of turbine rotor bade tip-to-stationary shroud clearance requirements utilizing fiber optics. To accomplish these tip clearance determinations, special rub pins were installed in the turbine shrouds, or tip-shoes, of a 10,000-hp engine. A test procedure was created based upon a transient dimensional analysis, and a cooled borescope and camera were developed. The clearances are presented from a series of successive engine tests.",9,False,UNSCREENED,"[{""abstract_available"": true, ""db"": ""crossref"", ""query"": ""tip clearance optical capacitive measurement fan blade"", ""rank"": 12, ""source_id"": ""doi:10.1115/78-gt-164""}]"
doi:10.1115/91-gt-164,Turbine Blade Tip Clearance Improvement,1991,https://doi.org/10.1115/91-gt-164,"A recently developed non-traditional design concept addressing turbine blade tip clearance reduction to provide long-term engine performance improvement and stability is presented. The concept is based on the direct attachment of the diaphragm, which supports Stage 1 integral nozzle and tips shroud segments, to the bearing housing, thus providing a close thermal link between the rotor and the stator. Transient thermal matching between the rotating and stationary structures was based on analytical prediction. Results of the complex turbine hot section study including cooling flow, thermal, stress, and deflection analyses are presented. An advanced tip clearance measurement technique was used in the full scale engine test to verify the analytical predictions. The potential to reduce tip clearance to less than 1% of blade height without blade tip rubs has been demonstrated. Extensive field operating experience with more than 100 Centaur Type ‘H’ engines showed very light or no blade tip rub and corresponding engine performance stability during long-term operation.",9,False,UNSCREENED,"[{""abstract_available"": true, ""db"": ""crossref"", ""query"": ""tip clearance optical capacitive measurement fan blade"", ""rank"": 27, ""source_id"": ""doi:10.1115/91-gt-164""}]"
doi:10.1115/gt2022-82750,Analytical Methods for Transonic Compressor Rotor Blade Tip Clearance Measurements Using Capacitive Probes,2022,https://doi.org/10.1115/gt2022-82750,"Abstract
               A method is presented to improve the capability of proximity sensing capacitive probes used in rotor blade tip clearance (BTC) measurements. This research presents the development and result of a post-processing method used to calibrate capacitive probe instrumentation that will be used to passively analyze BTC of a transonic axial fan under high-speed and high-transient loading. The method attempts to address limitations currently placed on BTC measurements due to poor a SNR. Each revolution’s raw capacitive probe signal is uniformly resampled to a synchronizing once-per-revolution signal, normalizing the data. This reduces timing inaccuracies in the sampling frequency inherent to the data acquisition system and transfers data into a spatial domain removing time dependence and rotational speed variance, which in turn improves the SNR. A Fast Fourier Transform (FFT) is used to identify acceptable lowpass filter passbands that are then adaptively applied to this resampled data based on tip clearance distance. This produces increased precision and dynamic range in capacitive probe calibration compared to existing BTC calibration methods. Use of the proposed method gives the potential ability to operate capacitive probes at larger ranges and in poor SNR environments and gives a possible application in monitoring rotor blade integrity, at a low, additional computation time cost.",9,False,UNSCREENED,"[{""abstract_available"": true, ""db"": ""crossref"", ""query"": ""tip clearance optical capacitive measurement fan blade"", ""rank"": 36, ""source_id"": ""doi:10.1115/gt2022-82750""}]"
doi:10.2139/ssrn.4820937,Improving the Blade Tip Clearance Measurement Method Based on Blade Tip Timing: Accounting for Rotor Speed Variations and Non-Uniform Blade-by-Blade Tip Clearance,2024,https://doi.org/10.2139/ssrn.4820937,,9,False,UNSCREENED,"[{""abstract_available"": false, ""db"": ""crossref"", ""query"": ""ducted fan non-uniform tip clearance experimental"", ""rank"": 1, ""source_id"": ""doi:10.2139/ssrn.4820937""}, {""abstract_available"": false, ""db"": ""crossref"", ""query"": ""ducted fan tip clearance ovality"", ""rank"": 35, ""source_id"": ""doi:10.2139/ssrn.4820937""}, {""abstract_available"": false, ""db"": ""crossref"", ""query"": ""tip clearance optical capacitive measurement fan blade"", ""rank"": 1, ""source_id"": ""doi:10.2139/ssrn.4820937""}, {""abstract_available"": false, ""db"": ""crossref"", ""query"": ""non-axisymmetric tip clearance rotor performance"", ""rank"": 1, ""source_id"": ""doi:10.2139/ssrn.4820937""}]"
doi:10.1088/0957-0233/11/7/303,Techniques for blade tip clearance measurements with capacitive probes,2000,https://doi.org/10.1088/0957-0233/11/7/303,,8,False,UNSCREENED,"[{""abstract_available"": false, ""db"": ""crossref"", ""query"": ""tip clearance optical capacitive measurement fan blade"", ""rank"": 5, ""source_id"": ""doi:10.1088/0957-0233/11/7/303""}]"
doi:10.1109/imtc.2002.1007093,Capacitive blade tip clearance measurements for a micro gas turbine,,https://doi.org/10.1109/imtc.2002.1007093,,8,False,UNSCREENED,"[{""abstract_available"": false, ""db"": ""crossref"", ""query"": ""tip clearance optical capacitive measurement fan blade"", ""rank"": 6, ""source_id"": ""doi:10.1109/imtc.2002.1007093""}]"
doi:10.1115/1.4023468,Tip Clearance Investigation of a Ducted Fan Used in VTOL Unmanned Aerial Vehicles—Part I: Baseline Experiments and Computational Validation,2013,https://doi.org/10.1115/1.4023468,"Ducted fans that are popular choices in vertical take-off and landing (VTOL) unmanned aerial vehicles (UAV) offer a higher static thrust/power ratio for a given diameter than open propellers. Although ducted fans provide high performance in many VTOL applications, there are still unresolved problems associated with these systems. Fan rotor tip leakage flow is a significant source of aerodynamic loss for ducted fan VTOL UAVs and adversely affects the general aerodynamic performance of these vehicles. The present study utilized experimental and computational techniques in a 559 mm diameter ducted fan test system that has been custom designed and manufactured. The experimental investigation consisted of total pressure measurements using Kiel total pressure probes and real time six-component force and torque measurements. The computational technique used in this study included a 3D Reynolds-averaged Navier–Stokes (RANS) based computational fluid dynamics model of the ducted fan test system. Reynolds-averaged Navier–Stokes simulations of the flow around the rotor blades and duct geometry in the rotating frame of reference provided a comprehensive description of the tip leakage and passage flow. The experimental and computational analysis performed for various tip clearances were utilized in understanding the effect of the tip leakage flow on the aerodynamic performance of ducted fans used in VTOL UAVs. The aerodynamic measurements and results of the RANS simulations showed good ag",8,False,UNSCREENED,"[{""abstract_available"": true, ""db"": ""crossref"", ""query"": ""ducted fan non-uniform tip clearance experimental"", ""rank"": 10, ""source_id"": ""doi:10.1115/1.4023468""}, {""abstract_available"": true, ""db"": ""crossref"", ""query"": ""ducted fan tip clearance ovality"", ""rank"": 4, ""source_id"": ""doi:10.1115/1.4023468""}]"
doi:10.1115/96-ta-001,Review of Progress in the Development of Capacitive Sensors for Blade Tip Clearance Measurement,1996,https://doi.org/10.1115/96-ta-001,"This paper describes how blade tip clearances can be measured with capacitive sensors and the right electronic devices. The design of a capacitive sensor is tightly connected to the engine environment, but also the electronic system which is used to calculate the blade tip clearance. We present two kinds of capacitive sensors : the composite and the integral sensors we developed for use in a compressor. Based on that experience we are developing and testing turbine versions of these designs. In an aero gas turbine the design aim is sensors that shall survive temperatures and vibrations as high as 1,300°C and 150 G’s.",8,False,UNSCREENED,"[{""abstract_available"": true, ""db"": ""crossref"", ""query"": ""tip clearance optical capacitive measurement fan blade"", ""rank"": 3, ""source_id"": ""doi:10.1115/96-ta-001""}]"
doi:10.1115/97-gt-406,Effects of Non-Axisymmetric Tip Clearance on Axial Compressor Performance and Stability,1997,https://doi.org/10.1115/97-gt-406,"The effects of circumferentially non-uniform lip clearance on axial compressor performance and stability have been investigated experimentally and analytically. A theoretical model for compressor behavior with non-axisymmetric tip clearance has been developed and used to design a series of first-of-a-kind experiments on a four-stage, low speed compressor. The experiments and computational results together show clearly the central physical features and controlling parameters of compressor response to non-axisymmetric lip clearance.
               It was found that the loss in stall margin was more severe than that estimated based on average clearance. The stall point was, in fact, closer to that obtained with uniform clearance at the maximum clearance level. The circumferential length scale of the tip clearance (and accompanying flow asymmetry) was an important factor in determining the stall margin reduction. For the same average clearance, the loss in peak pressure rise was 50% higher for an asymmetry with fundamental wavelength equal to the compressor circumference than with wavelength equal to one-half the circumference. The clearance asymmetry had much less of an effect on peak efficiency; the measured maximum efficiency decrease obtained was less than 0.4 percent compared to the 8% decrease in peak pressure rise due to the asymmetric clearance. The efficiency penalty due to non-axisymmetric tip clearance was thus close to that obtained with a uniform clearance at the cir",8,False,UNSCREENED,"[{""abstract_available"": false, ""db"": ""openalex"", ""query"": ""ducted fan non-uniform tip clearance experimental"", ""rank"": 9, ""source_id"": ""doi:10.1115/97-gt-406""}, {""abstract_available"": false, ""db"": ""openalex"", ""query"": ""ducted fan tip clearance ovality"", ""rank"": 2, ""source_id"": ""doi:10.1115/97-gt-406""}, {""abstract_available"": true, ""db"": ""crossref"", ""query"": ""non-axisymmetric tip clearance rotor performance"", ""rank"": 15, ""source_id"": ""doi:10.1115/97-gt-406""}, {""abstract_available"": false, ""db"": ""openalex"", ""query"": ""non-axisymmetric tip clearance rotor performance"", ""rank"": 5, ""source_id"": ""doi:10.1115/97-gt-406""}]"
doi:10.1115/gt2004-53563,The Measurement of Turbomachinery Blade Vibration Through Tip Timing With Capacitance Tip Clearance Probes,2004,https://doi.org/10.1115/gt2004-53563,"Turbomachinery blade vibrations can cause High Cycle Fatigue, which reduces blade life. In order to observe this vibration a non-intrusive monitoring system is sought. The vibration can be detected by measuring blade tip timing since in the presence of vibration the blade timing will differ slightly from the passing time calculated from rotor speed. Much research and development has gone into investigating the ability of optical probes to achieve this. However, this paper looks at the potential for a dual use capacitance probe sensor to measure both tip timing and tip clearance. This paper provides new insights into the ability of a commercially available capacitance probe tip clearance measurement system for application as a non-intrusive turbomachinery blade tip timing measurement device. This is done by correlating capacitance probe tip timing results with simultaneously measured blade-mounted strain gauge vibration results and precise rotational speeds. Thus the characterisation of the performance of the capacitance probe system when measuring blade vibration on a full-sized low-speed research compressor is analysed and reported.",8,False,UNSCREENED,"[{""abstract_available"": true, ""db"": ""crossref"", ""query"": ""tip clearance optical capacitive measurement fan blade"", ""rank"": 19, ""source_id"": ""doi:10.1115/gt2004-53563""}]"
doi:10.1115/gt2011-46356,Tip Clearance Investigation of a Ducted Fan Used in VTOL UAVS: Part 1—Baseline Experiments and Computational Validation,2011,https://doi.org/10.1115/gt2011-46356,"Ducted fans that are popular choices in vertical take-off and landing (VTOL) unmanned aerial vehicles (UAV) offer a higher static thrust/power ratio for a given diameter than open propellers. Although ducted fans provide high performance in many VTOL applications, there are still unresolved problems associated with these systems. Fan rotor tip leakage flow is a significant source of aerodynamic loss for ducted fan VTOL UAVs and adversely affects the general aerodynamic performance of these vehicles. The present study utilized experimental and computational techniques in a 22″ diameter ducted fan test system that has been custom designed and manufactured. Experimental investigation consisted of total pressure measurements using Kiel total pressure probes and real time six-component force and torque measurements. The computational technique used in this study included a 3D Reynolds-Averaged Navier Stokes (RANS) based CFD model of the ducted fan test system. RANS simulations of the flow around rotor blades and duct geometry in the rotating frame of reference provided a comprehensive description of the tip leakage and passage flow. The experimental and computational analysis performed for various tip clearances were utilized in understanding the effect of the tip leakage flow on aerodynamic performance of ducted fans used in VTOL UAVs. The aerodynamic measurements and results of the RANS simulations showed good agreement especially near the tip region.",8,False,UNSCREENED,"[{""abstract_available"": true, ""db"": ""crossref"", ""query"": ""ducted fan non-uniform tip clearance experimental"", ""rank"": 9, ""source_id"": ""doi:10.1115/gt2011-46356""}, {""abstract_available"": true, ""db"": ""crossref"", ""query"": ""ducted fan tip clearance ovality"", ""rank"": 3, ""source_id"": ""doi:10.1115/gt2011-46356""}]"
doi:10.1243/jmes_jour_1974_016_070_02,Theoretical Studies of Tip Clearance and Radial Variation of Blade Loading on the Operation of Ducted Fans and Propellers,1974,https://doi.org/10.1243/jmes_jour_1974_016_070_02," Actuator disc theory and surface singularity techniques are applied to the performance of ducted fans and propellers, with particular reference to the radial clearance between rotor tips and duct inner surface and the radial distribution of rotor-blade loading. Many accounts have been written on ducted propellers but none includes the effects of clearance in any other than an approximate manner, that is, one-dimensional theory. The few studies that have been made of the radial variation in blade loading have been inconclusive and vague, mainly because of the inadequate duct model employed.  Here an accurate nonlinear theory is used to represent the duct and centrebody which has already been used successfully in the prediction of ducted propeller performance. Actuator disc theory, which is particularly suitable for combination with blade-element theory, is used to represent the variable-load propeller. Computed performance characteristics compare favourably with experimental results and the present studies enable the designer to fix both tip clearance and radial load distribution to suit the particular application under consideration. The general conclusions confirm and reinforce the limited experimental results available. ",8,False,UNSCREENED,"[{""abstract_available"": true, ""db"": ""crossref"", ""query"": ""ducted fan tip clearance ovality"", ""rank"": 25, ""source_id"": ""doi:10.1243/jmes_jour_1974_016_070_02""}]"
doi:10.1088/1361-6501/ad915f,Blade tip clearance measurement method based on blade tip timing without the once per revolution sensor,2024,https://doi.org/10.1088/1361-6501/ad915f,"Abstract
               The rotor blade tip clearance (BTC) of an aeroengine is a critical parameter that significantly impacts its performance and safety. Accurately determining dynamic BTC has been a focal point of research in experimental testing. Among the effective measurement methods for dynamic BTC, the laser triangulation method based on blade tip timing (BTT) stands out. However, this method typically relies on an once-per-revolution (OPR) sensor for rotor speed and blade serial number information during measurement, leading to increased installation and maintenance costs as well as additional measurement uncertainties. In response to this challenge, this paper presents two signal processing method that eliminate the need for an OPR sensor. The first method, referred to as ‘none OPR method 1,’ closely follows the measurement principles of the traditional method but employs a skewed dual light probe (SDLP) signal to extract rotational speed information, thus obviating the need for an OPR sensor. The second method, ‘none OPR method 2,’ introduces a novel data processing approach that enables BTC determination without any source of rotor speed information. Both methods utilize dynamic and static BTC matching techniques to identify blade serial numbers and achieve BTC measurement without an OPR sensor on a simulated rotor experimental bench. Comparative analysis with traditional method BTC measurements reveals that, under stable rotor speeds, all methods achieve similar ",7,False,UNSCREENED,"[{""abstract_available"": true, ""db"": ""crossref"", ""query"": ""tip clearance optical capacitive measurement fan blade"", ""rank"": 11, ""source_id"": ""doi:10.1088/1361-6501/ad915f""}]"
doi:10.1088/1742-6596/2428/1/012032,Research on Tip Clearance Measurement Technology of Aero-engine Blade Based on Optical Fiber Sensing System,2023,https://doi.org/10.1088/1742-6596/2428/1/012032,"Abstract
               A novel non-contact detecting method of aero-engine blade tip clearance based on an optical fiber sensing system is presented. To eliminate the sensor measurement error caused by the slight change of the reflectivity value of the mechanical end face when the light source angle fluctuates and rotates, a three-coil coaxial fiber bundle sensor is proposed. Relevant experimental results show that the system has the advantages of high measurement sensitivity, small sensing probe volume, strong electromagnetic interference resistance, and high reliability. The application of this technology provides an effective method for dynamic radial gap detection of high-speed rotating machinery.",7,False,UNSCREENED,"[{""abstract_available"": true, ""db"": ""crossref"", ""query"": ""tip clearance optical capacitive measurement fan blade"", ""rank"": 38, ""source_id"": ""doi:10.1088/1742-6596/2428/1/012032""}]"
doi:10.1088/1742-6596/2820/1/012030,Feasibility verification of a vertically foldable propeller,2024,https://doi.org/10.1088/1742-6596/2820/1/012030,"Abstract
               This study designs a vertically folding paddle to reduce the lateral dimensions of the hollow-wheeled multi-rotor flying vehicle, minimize the impact of the paddles on the carrying platform, and enhance its capacity to maneuver through tight places when walking on the ground. Force analysis is used with the rotor’s known kinematic characteristics to determine the paddle blade’s efficiency at various throttle settings. To confirm the design’s viability, a test platform is constructed, the motion data of the vertically folding paddle is recorded, and the effectiveness of the two paddles is examined.",7,False,UNSCREENED,"[{""abstract_available"": true, ""db"": ""crossref"", ""query"": ""foldable duct propeller rotor"", ""rank"": 14, ""source_id"": ""doi:10.1088/1742-6596/2820/1/012030""}]"
doi:10.1115/1.2777187,Optimized Shroud Design for Axial Turbine Aerodynamic Performance,2008,https://doi.org/10.1115/1.2777187,"This paper presents a comprehensive study of the effect of shroud design in axial turbine aerodynamics. Experimental measurements and numerical simulations have been conducted on three different test cases with identical blade geometry and tip clearances but different shroud designs. The first and second test cases are representative of a full shroud and a nonaxisymmetric partial shroud geometry while the third test case uses an optimized partial shroud. Partial shrouds are sometimes used in industrial application in order to benefit from the advantage of shrouded configuration, as well as reduce mechanical stress on the blades. However, the optimal compromise between mechanical considerations and aerodynamic performances is still an open issue due to the resulting highly three-dimensional unsteady flow field. Aerodynamic performance is measured in a low-speed axial turbine facility and shows that there are clear differences between the test cases. In addition, steady and time resolved measurements are performed together with computational analysis in order to improve the understanding of the effect of the shroud geometry on the flow field and to quantify the sources of the resultant additional losses. The flow field analysis shows that the effect of the shroud geometry is significant from 60% blade height span to the tip. Tip leakage vortex in the first rotor is originated in the partial shroud test cases while the full shroud case presents only a weak indigenous tip passage",7,False,UNSCREENED,"[{""abstract_available"": true, ""db"": ""crossref"", ""query"": ""segmented shroud rotor duct seam aerodynamic"", ""rank"": 30, ""source_id"": ""doi:10.1115/1.2777187""}]"
doi:10.1115/1.2814098,A Blade-by-Blade Tip Clearance Measurement System for Gas Turbine Applications,1995,https://doi.org/10.1115/1.2814098,"It is difficult to make a reliable measurement of running clearance in the hostile environment over the blading of a modern gas turbine. When engine manufacturers require the measurement to be made over every blade during live engine tests, system reliability, ruggedness, and ease of operation are of primary importance. This paper describes a tip clearance measurement system that can measure clearance over every blade around a rotor. The measurement system concept is presented, and the system design described in detail. Commissioning of the measurement system on a compressor test facility, and the results obtained are discussed. An analysis of system performance during the commissioning trials concludes the paper.",7,False,UNSCREENED,"[{""abstract_available"": true, ""db"": ""crossref"", ""query"": ""tip clearance optical capacitive measurement fan blade"", ""rank"": 28, ""source_id"": ""doi:10.1115/1.2814098""}]"
doi:10.1115/1.4023469,Tip Clearance Investigation of a Ducted Fan Used in VTOL Unmanned Aerial Vehicles—Part II: Novel Treatments Via Computational Design and Their Experimental Verification,2013,https://doi.org/10.1115/1.4023469,"Ducted fan based vertical lift systems are excellent candidates to be in the group of the next generation vertical lift vehicles, with many potential applications in general aviation and military missions. Although ducted fans provide high performance in many “vertical take-off and landing” (VTOL) applications, there are still unresolved problems associated with these systems. Fan rotor tip leakage flow adversely affects the general aerodynamic performance of ducted fan VTOL unmanned aerial vehicles (UAVs). The current study utilized a three-dimensional Reynolds-averaged Navier–Stokes (RANS) based computational fluid dynamics (CFD) model of ducted fan for the development and design analysis of novel tip treatments. Various tip leakage mitigation schemes were introduced by varying the chordwise location and the width of the extension in the circumferential direction. Reduced tip clearance related flow interactions were essential in improving the energy efficiency and range of ducted fan based vehicles. Full and inclined pressure side tip squealers were also designed. Squealer tips were effective in changing the overall trajectory of the tip vortex to a higher path in radial direction. The interaction of rotor blades and tip vortex was effectively reduced and the aerodynamic performance of the rotor blades was improved. The overall aerodynamic gain was a measurable reduction in leakage mass flow rate. This leakage reduction increased thrust significantly. Experimental measureme",7,False,UNSCREENED,"[{""abstract_available"": true, ""db"": ""crossref"", ""query"": ""ducted fan non-uniform tip clearance experimental"", ""rank"": 4, ""source_id"": ""doi:10.1115/1.4023469""}, {""abstract_available"": true, ""db"": ""crossref"", ""query"": ""ducted fan tip clearance ovality"", ""rank"": 6, ""source_id"": ""doi:10.1115/1.4023469""}]"
doi:10.1115/89-gt-82,Effects of Tip Clearance of Nozzle Vanes on Performance of Radial Turbine Rotor,1989,https://doi.org/10.1115/89-gt-82,"In radial turbines with variable nozzles, the flow downstream of the nozzles could be distorted by the leakage flow through the tip-clearance of the upstream nozzle vanes. To investigate the effects of flow distortion on the performance of turbine rotors, two rotors with different number of blades were tested for three types of distorted velocity distributions at the rotor inlet. In the case of the 20 blade rotor with moderate blade loading, the flow distortion at the rotor inlet had negligible effect on the rotor characteristics, and the measured data on the turbine performances agreed well with a prediction. Predictions were made with a conventional one-dimensional flow model applied to the rotor flow while a two-layer flow model was applied to the flow in the nozzle with clearance. In the case of the 10 blade rotor with heavy blade loading, however, the rotor performance was found to be sensitive to the inlet flow distortion and was considerably lower than the prediction.",7,False,UNSCREENED,"[{""abstract_available"": true, ""db"": ""crossref"", ""query"": ""non-axisymmetric tip clearance rotor performance"", ""rank"": 12, ""source_id"": ""doi:10.1115/89-gt-82""}]"
